Title,Publication Date,Author,Location,Summary,Full Article Content,URL
"She Fell in Love With ChatGPT. Like, Actual Love. With Sex.",2025-02-25T11:00:10+0000,"By Natalie Kitroeff, Kashmir Hill, Nina Feldman, Sydney Harper, Shannon M. Lin, Mary Wilson, Brendan Klinkenberg, Michael Benoist, Diane Wong, Marion Lozano, Rowan Niemisto, Elisheba Ittoop, Pat McCusker and Chris Wood",Podcasts,"The story of a woman who is dating an A.I. chatbot, and what it tells us about love and technology.",Warning: This episode discusses sexual themes.,https://www.nytimes.com/2025/02/25/podcasts/the-daily/ai-chatgpt-boyfriend-relationship.html
ChatGPT Is Restored After Hourslong Outage,2025-01-23T13:02:14+0000,By Victor Mather,Business Day,"Thousands of users were unable to access OpenAI’s chatbot starting around 6 a.m. on Thursday. Shortly after 10 a.m., the company said the issue had been resolved.","ChatGPT was disrupted for several hours on Thursday morning, with thousands of users reporting difficulty accessing the chatbot before service was restored.",https://www.nytimes.com/2025/01/23/business/chatgpt-down-open-ai.html
She Is in Love With ChatGPT,2025-01-15T14:00:09+0000,By Kashmir Hill,Technology,"A 28-year-old woman with a busy social life spends hours on end talking to her A.I. boyfriend for advice and consolation. And yes, they do have sex.",Ayrin’s love affair with her A.I. boyfriend started last summer.,https://www.nytimes.com/2025/01/15/technology/ai-chatgpt-boyfriend-companion.html
"How Helpful Is Operator, OpenAI’s New A.I. Agent?",2025-02-01T10:01:31+0000,By Kevin Roose,Technology,"Operator, a new computer-using tool from OpenAI, is brittle and occasionally erratic, but it points to a future of powerful A.I. agents.","In the past week, OpenAI’s Operator has done the following things for me:",https://www.nytimes.com/2025/02/01/technology/openai-operator-agent.html
They Invested Billions. Then the A.I. Script Got Flipped.,2025-01-29T10:03:18+0000,By Erin Griffith,Technology,Venture capitalists plowed money into A.I. start-ups like OpenAI and Anthropic. But the rise of the Chinese A.I. start-up DeepSeek has called that funding frenzy into question.,"Jordan Jacobs, an investor at the venture capital firm Radical Ventures, has spent the last few days fielding half a dozen calls from his firm’s investors. All of them wanted to know about DeepSeek, a Chinese artificial intelligence app that topped the app stores over the weekend. ",https://www.nytimes.com/2025/01/29/technology/deepseek-ai-startups-venture-capital.html
First Impressions of DeepSeek’s A.I. Chatbot,2025-01-27T23:33:09+0000,By Eli Tan,Technology,"The chatbot from China appears to perform a number of tasks as well as its American competitors do, but it censors topics such as Tiananmen Square.","A new chatbot created by the Chinese company DeepSeek is the talk of the A.I. world, and has sent a jolt through the U.S. stock market. Not only does it seem to be comparable to those of leading companies like OpenAI and Anthropic, but it was seemingly created with a fraction of the resources.",https://www.nytimes.com/2025/01/27/technology/deepseek-ai-chatbot-first-impressions.html
OpenAI Unveils A.I. Agent That Can Use Websites on Its Own,2025-01-23T18:00:06+0000,By Cade Metz,Technology,"The new tool, called Operator, can shop for groceries or book a restaurant reservation. But it still needs help from humans.","Two years ago, OpenAI launched the chatbot craze with the release of ChatGPT. Now it hopes to spark interest in a new wave of A.I. technology.",https://www.nytimes.com/2025/01/23/technology/openai-operator-launch.html
OpenAI Courts Trump With Vision for ‘A.I. in America’,2025-01-13T11:00:10+0000,By Cade Metz and Cecilia Kang,Technology,The maker of ChatGPT hopes to spur investment from the Middle East and avoid strict regulations on the development of new technologies.,"In December, Sam Altman, OpenAI’s chief executive, donated $1 million to President-elect Donald J. Trump’s inaugural fund, joining a number of other tech executives who are working to improve their relationships with Mr. Trump.",https://www.nytimes.com/2025/01/13/technology/openai-economic-blueprint.html
At the Intersection of A.I. and Spirituality,2025-01-03T10:00:23+0000,By Eli Tan,Technology,"Modern religious leaders are experimenting with A.I. just as earlier generations examined radio, television and the internet.","To members of his synagogue, the voice that played over the speakers of Congregation Emanu El in Houston sounded just like Rabbi Josh Fixler’s.",https://www.nytimes.com/2025/01/03/technology/ai-religious-leaders.html
The 2024 Good Tech Awards,2024-12-30T17:00:02+0000,By Kevin Roose,Technology,"In a year of continued A.I. progress, “founder mode” drama and a Trump election win, a few tech projects stood out for their clear benefits to humanity.","In the tech industry, 2024 was a year of fast change and shifting winds.",https://www.nytimes.com/2024/12/30/technology/good-tech-awards.html
OpenAI Unveils New A.I. That Can ‘Reason’ Through Math and Science Problems,2024-12-20T20:03:01+0000,By Cade Metz,Technology,"The artificial intelligence start-up said the new system, OpenAI o3, outperformed leading A.I. technologies on tests that rate skills in math, science, coding and logic.","OpenAI on Friday unveiled a new artificial intelligence system, OpenAI o3, which is designed to “reason” through problems involving math, science and computer programming.",https://www.nytimes.com/2024/12/20/technology/openai-new-ai-math-science.html
Why Wouldn’t ChatGPT Say This Dead Professor’s Name?,2024-12-06T14:29:52+0000,By Ali Watkins,U.S.,"A bizarre saga in which users noticed the chatbot refused to say “David Mayer” raised questions about privacy and A.I., with few clear answers.","Across the final years of his life, David Mayer, a theater professor living in Manchester, England, faced the cascading consequences of an unfortunate coincidence: A dead Chechen rebel on a terror watch list had once used Mr. Mayer’s name as an alias.",https://www.nytimes.com/2024/12/06/us/david-mayer-chatgpt-openai.html
Why Does OpenAI Need So Much Money?,2024-12-17T16:30:42+0000,By Cade Metz,Technology,Building a chatbot like ChatGPT requires billions upon billions of dollars. That’s the driving force behind OpenAI’s plans to change how it’s managed.,"Early last year, OpenAI raised $10 billion. Just 18 months later, the company had burned through most of that money. So it raised $6.6 billion more and arranged to borrow an additional $4 billion.",https://www.nytimes.com/2024/12/17/technology/openai-chatgpt-funding.html
How OpenAI Hopes to Sever Its Nonprofit Roots,2024-12-17T16:30:25+0000,"By David A. Fahrenthold, Cade Metz and Mike Isaac",Technology,"As the maker of ChatGPT battles Google and Meta for A.I. supremacy, it’s also fighting to end control by a nonprofit board.","Last fall, the nonprofit that controls OpenAI tried to fire the company’s high-profile leader, Sam Altman. It failed.",https://www.nytimes.com/2024/12/17/technology/openai-nonprofit-control.html
"Sam Altman on Microsoft, Trump and Musk",2024-12-14T13:00:02+0000,By Andrew Ross Sorkin and Sarah Kessler,Business Day,The OpenAI C.E.O. spoke with Andrew Ross Sorkin at the DealBook Summit.,"Since kicking off the artificial intelligence boom with the launch of ChatGPT in 2022, OpenAI has amassed more than 300 million weekly users and a $157 billion valuation. Its C.E.O., Sam Altman, addressed whether that staggering pace of growth can continue at the DealBook Summit last week.",https://www.nytimes.com/2024/12/14/business/dealbook/sam-altman-dealbook.html
Major Canadian News Outlets Sue OpenAI in New Copyright Case,2024-11-29T19:37:05+0000,By Matina Stevis-Gridneff,World,A coalition of some of Canada’s biggest media companies is seeking billions of dollars in compensation for what they say is copyright infringement on their work through ChatGPT.,"A coalition of Canada’s biggest news organizations is suing OpenAI, the maker of the artificial intelligence chatbot, ChatGPT, accusing the company of illegally using their content in the first case of its kind in the country.",https://www.nytimes.com/2024/11/29/world/canada/canada-openai-lawsuit-copyright.html
Crypto Congress + HBD ChatGPT + What Social Media Platform Should I Be On?,2024-11-15T12:00:06+0000,"By Kevin Roose, Casey Newton, Whitney Jones, Rachel Cohn, Jen Poyant, Alyssa Moxley, Dan Powell, Rowan Niemisto and Diane Wong",Podcasts,Cryptocurrency is poised to have a huge year in 2025.,"This week, we explore how the 2024 election paved the way for a new crypto-friendly Congress and what that means for the future of crypto. Then, for ChatGPT’s second birthday, Nick Turley, ChatGPT head of product at OpenAI, stops by to tell us where it goes from here and share some of his favorite chatbot hacks. Finally, a listener emailed us last week asking what social network he should be using in 2024. We’ll share our thoughts on which text-based platforms are the least annoying.",https://www.nytimes.com/2024/11/15/podcasts/crypto-congress-hbd-chatgpt-what-social-media-platform-should-i-be-on.html
A.I. Chatbots Defeated Doctors at Diagnosing Illness,2024-11-17T10:01:01+0000,By Gina Kolata,Health,"A small study found ChatGPT outdid human physicians when assessing medical case histories, even when those doctors were using a chatbot.","Dr. Adam Rodman, an expert in internal medicine at Beth Israel Deaconess Medical Center in Boston, confidently expected that chatbots built to use artificial intelligence would help doctors diagnose illnesses.",https://www.nytimes.com/2024/11/17/health/chatgpt-ai-doctors-diagnosis.html
OpenAI Folds A.I.-Powered Search Engine Into ChatGPT,2024-10-31T17:00:13+0000,By Cade Metz,Technology,"The popular online chatbot can now access and deliver information from across the internet in real time, including news, stock prices and sports scores.",OpenAI has folded a search engine into its ChatGPT chatbot.,https://www.nytimes.com/2024/10/31/technology/chatgpt-openai-search-engine.html
"Stand-Up, Drama and Spambots: The Creative World Takes On A.I.",2024-11-13T10:00:52+0000,By Erin Griffith,Technology,Artificial intelligence has become a subject for people in the art and theater worlds who are worried about being replaced by it.,"Inside a curved glass building next to the Golden State Warriors’ arena in San Francisco, eight cans of Spam with tiny arms whirred to life, tapping out artificial-intelligence-generated word slop on miniature keyboards. They were part of the Misalignment A.I. Museum, a gallery dedicated to A.I.-inspired art.",https://www.nytimes.com/2024/11/13/technology/ai-comedy-museums-plays.html
I Took a ‘Decision Holiday’ and Put A.I. in Charge of My Life,2024-11-01T22:07:32+0000,By Kashmir Hill and Hang Do Thi Duc,Technology,"I thought it would make me put glue on pizza, but instead it entertained my children and got me to finally paint my office. How could it transform our daily lives?","I thought it would make me put glue on pizza, but instead it entertained my children and got me to finally paint my office. How could it transform our daily lives?",https://www.nytimes.com/interactive/2024/11/01/technology/generative-ai-decisions-experiment.html
Elon Musk’s xAI in Funding Talks That Could Value Company at $40 Billion,2024-10-31T20:45:59+0000,By Mike Isaac and Cade Metz,Technology,"The financing efforts follow that of rival OpenAI, which recently closed a funding round that valued it at $157 billion.","Elon Musk’s artificial intelligence start-up, xAI, is in talks to raise new financing that could value it at as much as $40 billion, up from $24 billion five months ago, three people with knowledge of the discussions said.",https://www.nytimes.com/2024/10/31/technology/elon-musk-xai-valuation.html
"Who Is That You Are Chatting With? Oh, Just ChatGPT.",2024-10-13T09:02:12+0000,By Jessica Roy,Style,The artificial intelligence chatbot’s Advanced Voice Mode feature has delighted some users and weirded out others.,"When you think of what a voice programmed by artificial intelligence would sound like, you might picture something robotic and stilted, with a staccato cadence incapable of capturing the inflections, speed and emotion required to sound even somewhat human. But this is 2024, and the robots have gotten a serious upgrade. Now they can imitate voices, accents and intonation to an almost creepy degree — for better or worse.",https://www.nytimes.com/2024/10/13/style/chatgpt-voice-mode.html
Former OpenAI Researcher Says the Company Broke Copyright Law,2024-10-23T15:35:46+0000,By Cade Metz,Technology,Suchir Balaji helped gather and organize the enormous amounts of internet data used to train the startup’s ChatGPT chatbot.,"Suchir Balaji spent nearly four years as an artificial intelligence researcher at OpenAI. Among other projects, he helped gather and organize the enormous amounts of internet data the company used to build its online chatbot, ChatGPT.",https://www.nytimes.com/2024/10/23/technology/openai-copyright-law.html
Microsoft and OpenAI’s Close Partnership Shows Signs of Fraying,2024-10-18T00:56:11+0000,"By Cade Metz, Mike Isaac and Erin Griffith",Technology,The “best bromance in tech” has had a reality check as OpenAI has tried to change its deal with Microsoft and the software maker has tried to hedge its bet on the start-up.,"Last fall, Sam Altman, OpenAI’s chief executive, asked his counterpart at Microsoft, Satya Nadella, if the tech giant would invest billions of dollars in the start-up.",https://www.nytimes.com/2024/10/17/technology/microsoft-openai-partnership-deal.html
OpenAI Unveils New ChatGPT That Can Reason Through Math and Science,2024-09-12T17:05:12+0000,By Cade Metz,Technology,"Driven by new technology called OpenAI o1, the chatbot can test various strategies and try to identify mistakes as it tackles complex tasks.","Online chatbots like ChatGPT from OpenAI and Gemini from Google sometimes struggle with simple math problems. The computer code they generate is often buggy and incomplete. From time to time, they even make stuff up.",https://www.nytimes.com/2024/09/12/technology/openai-chatgpt-math.html
OpenAI Adds $4 Billion Credit Line on Top of $6.6 Billion Investment Round,2024-10-03T18:51:55+0000,By Michael J. de la Merced and Mike Isaac,Technology,The San Francisco company is gathering the billions its executives believe they will need to continue building new A.I. technology.,"OpenAI has set up a $4 billion credit line from an array of banks, adding to its financial firepower after securing a $6.6 billion round of new investments, the company said on Thursday.",https://www.nytimes.com/2024/10/03/technology/openai-credit-line.html
"The Challenge Is to Write 50,000 Words in a Month. Should ChatGPT Be Able to Help?",2024-09-06T16:00:34+0000,By Madison Malone Kircher,Style,"An online writing community was set aflame this week after National Novel Writing Month, or NaNoWriMo, said it wouldn’t take a stance on the use of A.I.","For over 20 years, writers around the world have participated in National Novel Writing Month, or #NaNoWriMo, as it’s known online. The challenge is simple: Write 50,000 words in the month of November. Well, as simple as writing 50,000 words can be. (That’s 1,667 words per day, for those of you doing the math at home.)",https://www.nytimes.com/2024/09/06/style/nanowrimo-ai-writing-challenge.html
Can You Tell Which Short Story ChatGPT Wrote?,2024-08-28T09:05:58+0000,"By Curtis Sittenfeld, Susannah Meadows and Phoebe Lett",Opinion,What the fiction author Curtis Sittenfeld learned in a writing competition race against the machine.,"In this era of artificial intelligence, who can compose a better beach read for the vacationing masses? The beloved fiction writer Curtis Sittenfeld … or ChatGPT?",https://www.nytimes.com/2024/08/28/opinion/curtis-sittenfeld-chatgpt-summer-beach-story.html
OpenAI Is Growing Fast and Burning Through Piles of Money,2024-09-27T20:53:49+0000,By Mike Isaac and Erin Griffith,Technology,"As the company looks for more outside investors, documents reviewed by The New York Times show consumer fascination with ChatGPT and a serious need for more cash.","OpenAI, the San Francisco start-up behind ChatGPT, has been telling investors that it is making billions from its chatbot and that it expects to make a lot more in the coming years. But it has not been quite so clear about how much it is losing.",https://www.nytimes.com/2024/09/27/technology/openai-chatgpt-investors-funding.html
Why Is OpenAI Trying to Raise So Much Money?,2024-09-25T15:48:24+0000,By Cade Metz,Technology,The San Francisco A.I. start-up believes there is not enough computing power on Earth to build the artificial intelligence it wants to create.,"Earlier this year, word spread that Sam Altman, OpenAI’s chief executive, was pitching a plan that he hoped would pump trillions of dollars into the construction of new silicon chip factories and computer data centers.",https://www.nytimes.com/2024/09/25/technology/openai-raise-money.html
What Happened to the A.I. Election? + ChatGPT for Mayor + The Productivity Tools We’re Using,2024-08-23T09:04:32+0000,"By Kevin Roose, Casey Newton, Rachel Cohn, Whitney Jones, Jen Poyant, Daniel Ramirez, Dan Powell, Marion Lozano, Pat McCusker and Rowan Niemisto",Podcasts,"“It’s happening, but people don’t want it public.”","This week, we discuss why so few campaigns seem to be experimenting with A.I. The Times’s Sheera Frenkel joins us with examples of the many different artificial intelligence products that have been turned down by campaigns in this election cycle, from A.I.-generated endorsements from long-dead historical figures to a synthetic version of Donald Trump. Then, we interview the Wyoming man who ran for mayor on the promise that he would exclusively use a customized ChatGPT bot to run the city. And finally, it’s time for a tech check. We run down the apps we’re using to become more productive.",https://www.nytimes.com/2024/08/23/podcasts/what-happened-to-the-ai-election-chatgpt-for-mayor-the-productivity-tools-were-using.html
The Brilliance and Weirdness of ChatGPT,2022-12-05T23:34:37+0000,By Kevin Roose,Technology,"A new chatbot from OpenAI is inspiring awe, fear, stunts and attempts to circumvent its guardrails.","Like most nerds who read science fiction, I’ve spent a lot of time wondering how society will greet true artificial intelligence, if and when it arrives. Will we panic? Start sucking up to our new robot overlords? Ignore it and go about our daily lives?",https://www.nytimes.com/2022/12/05/technology/chatgpt-ai-twitter.html
That Message From Your Doctor? It May Have Been Drafted by A.I.,2024-09-24T14:09:00+0000,By Teddy Rosenbluth,Health,"Overwhelmed by queries, physicians are turning to artificial intelligence to correspond with patients. Many have no clue that the replies are software-generated.","Every day, patients send hundreds of thousands of messages to their doctors through MyChart, a communications platform that is nearly ubiquitous in U.S. hospitals.",https://www.nytimes.com/2024/09/24/health/ai-patient-messages-mychart.html
Is Math the Path to Chatbots That Don’t Make Stuff Up?,2024-09-23T15:11:02+0000,By Cade Metz,Technology,Chatbots like ChatGPT get stuff wrong. But researchers are building new A.I. systems that can verify their own math — and maybe more.,"On a recent afternoon, Tudor Achim gave a brain teaser to an A.I. bot called Aristotle.",https://www.nytimes.com/2024/09/23/technology/ai-chatbots-chatgpt-math.html
How Does ChatGPT Really Work?,2023-03-28T15:30:39+0000,By Kevin Roose,Technology,Learning how a “large language model” operates.,"In the second of our five-part series, I’m going to explain how the technology actually works.",https://www.nytimes.com/2023/03/28/technology/ai-chatbots-chatgpt-bing-bard-llm.html
Can ChatGPT Make This Podcast?,2022-12-09T10:00:06+0000,"By Kevin Roose, Casey Newton, Davis Land, Paula Szuchman, Dan Powell, Elisheba Ittoop, Rowan Niemisto and Alyssa Moxley",Podcasts,"OpenAI’s new chatbot is a coder, a teacher, a potential Google killer, and … a friend?","It’s writing podcast scripts, finishing students’ homework and correcting mistakes in computer code: ChatGPT, the A.I. chatbot from OpenAI, is suddenly everywhere. Who should decide how it’s built? What could go wrong? And what could go right?",https://www.nytimes.com/2022/12/09/podcasts/hard-fork-chatgpt-openai.html
The ChatGPT Lawyer Explains Himself,2023-06-08T07:00:19+0000,By Benjamin Weiser and Nate Schweber,New York,"In a cringe-inducing court hearing, a lawyer who relied on A.I. to craft a motion full of made-up case law said he “did not comprehend” that the chat bot could lead him astray.","As the court hearing in Manhattan began, the lawyer, Steven A. Schwartz, appeared nervously upbeat, grinning while talking with his legal team. Nearly two hours later, Mr. Schwartz sat slumped, his shoulders drooping and his head rising barely above the back of his chair.",https://www.nytimes.com/2023/06/08/nyregion/lawyer-chatgpt-sanctions.html
Picture Prompt: A ChatGPT Valentine,2023-02-14T08:00:03+0000,By The Learning Network,The Learning Network,Play with The Times’s A. I. valentine generator and see what you think of the results.,Note to teachers: Please preview this tool to make sure it is appropriate for your students. ,https://www.nytimes.com/2023/02/14/learning/a-chatgpt-valentine.html
How ChatGPT Hijacks Democracy,2023-01-15T10:00:11+0000,By Nathan E. Sanders and Bruce Schneier,Opinion,The greatest threat A.I. may present is its ability to replace humans in lobbying.,"Launched just weeks ago, ChatGPT is already threatening to upend how we draft everyday communications like emails, college essays and myriad other forms of writing.",https://www.nytimes.com/2023/01/15/opinion/ai-chatgpt-lobbying-democracy.html
‘Artificial Flavors’ Review: Blame ChatGPT for This Musical,2023-10-31T16:24:27+0000,By Naveen Kumar,Theater,"Each performance culminates in a production, composed on the spot, with misguided help from artificial intelligence.","Artificial intelligence can paint meddlesome monkeys, speak in the basso profundo of James Earl Jones and play a tune to suit a hall of mirrors. But it can’t write a musical that doesn’t feel canned (at least, not yet). That’s the argument put forward by “Artificial Flavors,” a live demonstration of A.I.’s creative capabilities — and tedious limitations — at 59E59 Theaters.",https://www.nytimes.com/2023/10/31/theater/artificial-flavors-review.html
"Despite Cheating Fears, Schools Repeal ChatGPT Bans",2023-08-24T09:01:34+0000,By Natasha Singer,Business Day,Some districts that once raced to block A.I. chatbots are now trying to embrace them.,"For decades, Walla Walla High School in the wheat basket of Washington State has maintained an old red wooden barn on campus where students learn a venerable farming skill: how to raise pigs and sheep.",https://www.nytimes.com/2023/08/24/business/schools-chatgpt-chatbot-bans.html
What Would Plato Say About ChatGPT?,2022-12-15T10:00:10+0000,By Zeynep Tufekci,Opinion,A.I. can be a learning tool for schools with enough teachers and resources to use it well. ,"Plato mourned the invention of the alphabet, worried that the use of text would threaten traditional memory-based arts of rhetoric. In his “Dialogues,” arguing through the voice of Thamus, the Egyptian king of the gods, Plato claimed the use of this more modern technology would create “forgetfulness in the learners’ souls, because they will not use their memories,” that it would impart “not truth but only the semblance of truth” and that those who adopt it would “appear to be omniscient and will generally know nothing,” with “the show of wisdom without the reality.”",https://www.nytimes.com/2022/12/15/opinion/chatgpt-education-ai-technology.html
The New ChatGPT Can ‘See’ and ‘Talk.’ Here’s What It’s Like.,2023-09-27T18:09:35+0000,By Kevin Roose,Technology,"The image-recognition feature could have many uses, and the voice feature is even more intriguing.","ChatGPT — viral artificial intelligence sensation, slayer of boring office work, sworn enemy of high school teachers and Hollywood screenwriters alike — is getting some new powers.",https://www.nytimes.com/2023/09/27/technology/new-chatgpt-can-see-hear.html
ChatGPT Is Banned in Italy Over Privacy Concerns,2023-03-31T16:02:02+0000,By Adam Satariano,Technology,The action by Italy’s data protection agency is the first known instance of the chatbot’s being blocked by a government order.,"The artificial intelligence tool ChatGPT was temporarily banned in Italy on Friday, the first known instance of the chatbot being blocked by a government order.",https://www.nytimes.com/2023/03/31/technology/chatgpt-italy-ban.html
Will ChatGPT Make Me Irrelevant?,2022-12-15T17:00:05+0000,By Frank Bruni,Opinion,Artificial intelligence works magic but at a price: our pride of ownership and sense of purpose.,"Like every other journalist I know, I often and unabashedly ask for help. Friends give me ideas. Colleagues give me phrases. Editors suggest what to keep, what to cut and where a key detail belongs. My field of vision is only so wide, my brain only so big. I’d be a fool not to supplement.",https://www.nytimes.com/2022/12/15/opinion/chatgpt-artificial-intelligence.html
Noam Chomsky: The False Promise of ChatGPT,2023-03-08T10:00:25+0000,"By Noam Chomsky, Ian Roberts and Jeffrey Watumull",Opinion,The most prominent strain of A.I. encodes a flawed conception of language and knowledge.,"Jorge Luis Borges once wrote that to live in a time of great peril and promise is to experience both tragedy and comedy, with “the imminence of a revelation” in understanding ourselves and the world. Today our supposedly revolutionary advancements in artificial intelligence are indeed cause for both concern and optimism. Optimism because intelligence is the means by which we solve problems. Concern because we fear that the most popular and fashionable strain of A.I. — machine learning — will degrade our science and debase our ethics by incorporating into our technology a fundamentally flawed conception of language and knowledge.",https://www.nytimes.com/2023/03/08/opinion/noam-chomsky-chatgpt-ai.html
China Chases ChatGPT’s Success,2023-02-23T13:06:08+0000,"By Andrew Ross Sorkin, Ravi Mattu, Sarah Kessler, Michael J. de la Merced, Lauren Hirsch and Ephrat Livni",Business Day,A wave of Chinese tech companies are announcing their own A.I.-powered chatbots — but face hurdles imposed by their own government.,"The hottest story in technology right now is the rise of ChatGPT, and the race among tech giants like Microsoft and Google to offer A.I.-powered services of their own. But the A.I. arms race isn’t confined to the U.S.; other countries are also rushing to show they’re big players.",https://www.nytimes.com/2023/02/23/business/dealbook/china-ai-chatgpt.html
ChatGPT Gets Fresh Competition,2023-02-07T12:33:52+0000,"By Andrew Ross Sorkin, Ravi Mattu, Bernhard Warner, Sarah Kessler, Michael J. de la Merced, Lauren Hirsch and Ephrat Livni",Business Day,"Google and Baidu are set to introduce their own A.I.-powered chatbots to challenge OpenAI, Microsoft and the rising popularity of ChatGPT.","Just over two months ago, OpenAI released ChatGPT to the public, instantly thrusting the A.I.-powered chatbot into the center of mainstream discourse, with debates about how it could transform business, education and more. (It also spurred Microsoft to invest $10 billion in OpenAI.)",https://www.nytimes.com/2023/02/07/business/dealbook/chatgpt-google-baidu.html
ChatGPT Has a Devastating Sense of Humor,2022-12-16T10:00:19+0000,By Farhad Manjoo,Opinion,"The chat bot makes a lot of mistakes. But it’s fun to talk to, and it knows its limitations.","ChatGPT makes an irresistible first impression. It’s got a devastating sense of humor, a stunning capacity for dead-on mimicry, and it can rhyme like nobody’s business. Then there is its overwhelming reasonableness. When ChatGPT fails the Turing test, it’s usually because it refuses to offer its own opinion on just about anything. When was the last time real people on the internet declined to tell you what they really think?",https://www.nytimes.com/2022/12/16/opinion/conversation-with-chatgpt.html
OpenAI to Offer New Version of ChatGPT for a $20 Monthly Fee,2023-02-01T20:33:43+0000,By Cade Metz,Technology,The San Francisco artificial intelligence lab has seen overwhelming interest in its chatbot since it was released in November.,"In November, OpenAI wowed the world when it released an experimental online chatbot called ChatGPT that could answer questions, write poetry and riff on almost any topic tossed its way.",https://www.nytimes.com/2023/02/01/technology/openai-chatgpt-plus-subscription.html
OpenAI Lets Mom-and-Pop Shops Customize ChatGPT,2023-11-06T18:15:07+0000,By Cade Metz,Technology,"With a new GPTs service, anyone can build a chatbot and instantly share it with friends, family and the general public.","OpenAI said on Monday that it had created a service that allows individuals and small businesses to build customized versions of its popular online chatbot, ChatGPT, and instantly share them on the internet.",https://www.nytimes.com/2023/11/06/technology/openai-custom-chatgpt.html
"A.I. Needs an International Watchdog, ChatGPT Creators Say",2023-05-24T13:19:17+0000,By Gregory Schmidt,Business Day,"To manage its risks, “superintelligent” artificial intelligence should be governed by a body similar to the International Atomic Energy Agency, the lab’s leadership said in note on its website.","The leaders of OpenAI, the artificial intelligence research lab that developed the chatbot ChatGPT, have called for regulation of “superintelligent” A.I. technology, saying it “will be more powerful than other technologies humanity has had to contend with in the past.”",https://www.nytimes.com/2023/05/24/business/artificial-intelligence-regulation-openai.html
What Students Are Saying About ChatGPT,2023-02-02T19:56:34+0000,By The Learning Network,The Learning Network,Is this new chatbot the end of education as we know it? Or a useful new tool for learning? Teenagers weigh in.,"By now you’ve probably heard of ChatGPT, a powerful new artificial intelligence chatbot released to the public late last year that can craft jokes and working computer code, guess at medical diagnoses, and create text-based Harry Potter games. ",https://www.nytimes.com/2023/02/02/learning/students-chatgpt.html
"The New ChatGPT, Hype vs. Reality",2024-05-31T09:05:07+0000,By Brian X. Chen and Karen Hanley,Technology,"Our tech columnist reviews GPT-4o, OpenAI’s latest chatbot technology, in its partly finished state.","Our tech columnist reviews GPT-4o, OpenAI’s latest chatbot technology, in its partly finished state.",https://www.nytimes.com/video/technology/100000009494471/the-new-chatgpt-hype-vs-reality.html
How ChatGPT Kicked Off an A.I. Arms Race,2023-02-03T10:00:13+0000,By Kevin Roose,Technology,"Even inside the company, the chatbot’s popularity has come as something of a shock.","One day in mid-November, workers at OpenAI got an unexpected assignment: Release a chatbot, fast.",https://www.nytimes.com/2023/02/03/technology/chatgpt-openai-artificial-intelligence.html
How Should Schools Respond to ChatGPT?,2023-01-25T02:47:54+0000,By Katherine Schulten,The Learning Network,"Have you experimented with this new technology? Can teachers and students use it productively, ethically and safely in your opinion? How?",Teachers: We also have a related lesson plan about teaching and learning with ChatGPT.,https://www.nytimes.com/2023/01/24/learning/how-should-schools-respond-to-chatgpt.html
The New ChatGPT Offers a Lesson in A.I. Hype,2024-05-31T09:07:33+0000,By Brian X. Chen,Technology,"OpenAI released GPT-4o, its latest chatbot technology, in a partly finished state. It has much to prove.","When OpenAI unveiled the latest version of its immensely popular ChatGPT chatbot this month, it had a new voice possessing humanlike inflections and emotions. The online demonstration also featured the bot tutoring a child on solving a geometry problem.",https://www.nytimes.com/2024/05/31/technology/personaltech/chatgpt-4o-openai-review.html
Why China Didn’t Invent ChatGPT,2023-02-17T10:00:19+0000,By Li Yuan,Business Day,The state’s hardening censorship and heavier hand have held back its tech industry; so has entrepreneurs’ reluctance to invest for the long term. It wasn’t always that way.,"Just a few years ago, China was on track to challenge United States dominance in artificial intelligence. The balance of power was tilting in China’s direction because it had abundant data, hungry entrepreneurs, skilled scientists and supportive policies. The country led the world in patent filings related to artificial intelligence.",https://www.nytimes.com/2023/02/17/business/china-chatgpt-microsoft-openai.html
ChatGPT Transforms a Classroom and Is ‘M3GAN’ Real?,2023-01-13T10:05:05+0000,"By Kevin Roose, Casey Newton, Davis Land, Paula Szuchman, Alyssa Moxley, Dan Powell, Elisheba Ittoop and Marion Lozano",Podcasts,"Also, why teenagers are buying old digital cameras.","A high school teacher on how the new chatbot from OpenAI is transforming her classroom — for the better. And, “M3GAN” may be closer than you think.",https://www.nytimes.com/2023/01/13/podcasts/hard-fork-chatgpt-teachers-gen-z-cameras-m3gan.html
My So-So Encounters with ChatGPT,2022-12-16T20:00:11+0000,By Peter Coy,Opinion,"If you can’t do your job better than A.I., maybe you need another job.","A mountain man buys his first chain saw. He comes back to the store a week later complaining that it cuts down only two trees a day when he was told it would cut down 20. The service person says, “Well, let’s see what the trouble is,” and starts it up. The mountain man jumps back and asks, “What’s that noise?” (He’d been sawing without the engine on.)",https://www.nytimes.com/2022/12/16/opinion/chatgpt-artificial-intelligence-skill-job.html
ChatGPT Can Now Respond With Spoken Words,2023-09-25T12:00:12+0000,"By Cade Metz, Brian X. Chen and Karen Weise",Technology,A new version of OpenAI’s popular chatbot behaves a lot like Siri and Alexa. You can talk to it — and have a conversation.,ChatGPT has learned to talk.,https://www.nytimes.com/2023/09/25/technology/chatgpt-talk-digital-assistance.html
China’s Answer to ChatGPT Gets an Artificial Debut and Disappoints,2023-03-16T11:21:57+0000,By Chang Che and John Liu,World,"The promised “live” demonstration of the bot had, in fact, been recorded. Shares of Baidu, the company behind the technology, tumbled in Hong Kong.","Almost six years ago, a Google computer program toppled the best player in China — and the world — at Go, an ancient Chinese board game. The defeat catalyzed China’s revolution in artificial intelligence. Beijing unrolled a monumental A.I. plan, and investors poured record sums into new projects.",https://www.nytimes.com/2023/03/16/world/asia/china-baidu-chatgpt-ernie.html
OpenAI Gives ChatGPT a Better ‘Memory’,2024-02-13T18:15:08+0000,By Cade Metz,Technology,The A.I. start-up is releasing a new version of ChatGPT that stores what users say and applies it to future chats.,OpenAI is giving ChatGPT a better memory.,https://www.nytimes.com/2024/02/13/technology/openai-gives-chatgpt-a-better-memory.html
ChatGPT vs. Me: Who Will Write a Better Beach Read?,2024-07-09T09:02:32+0000,By Curtis Sittenfeld,Opinion,A fiction writer challenges an A.I. chatbot to a duel.,What makes a beach read a beach read? Is it an escapist subject matter? A frothy tone? Or is any book you read on a beach automatically a beach read?,https://www.nytimes.com/2024/07/09/opinion/chatgpt-beach-read.html
"OpenAI Unveils New ChatGPT That Listens, Looks and Talks",2024-05-13T19:05:34+0000,By Cade Metz,Technology,"Chatbots, image generators and voice assistants are gradually merging into a single technology with a conversational voice.","As Apple and Google transform their voice assistants into chatbots, OpenAI is transforming its chatbot into a voice assistant.",https://www.nytimes.com/2024/05/13/technology/openai-chatgpt-app.html
Quiz: How Does ChatGPT Really Work?,2023-03-28T15:03:38+0000,By The New York Times,Technology,"You read <a href=""https://www.nytimes.com/2023/03/28/technology/ai-chatbots-chatgpt-bing-bard-llm.html"">Part 2 of our weeklong series on artificial intelligence.</a> Now test your knowledge.","You read <a href=""https://www.nytimes.com/2023/03/28/technology/ai-chatbots-chatgpt-bing-bard-llm.html"">Part 2 of our weeklong series on artificial intelligence.</a> Now test your knowledge.",https://www.nytimes.com/interactive/2023/03/28/technology/quiz-ai-chatbots-chatgpt-llm.html
I’m a Doctor. ChatGPT’s Bedside Manner Is Better Than Mine.,2024-10-05T11:01:34+0000,By Jonathan Reisman,Opinion,My job is no longer safe.,"As a young, idealistic medical student in the 2000s, I thought my future job as a doctor would always be safe from artificial intelligence.",https://www.nytimes.com/2024/10/05/opinion/ai-chatgpt-medicine-doctor.html
"A New ‘M*A*S*H’ Scene: Written by ChatGPT, Read by Hawkeye and B.J.",2023-03-07T23:31:36+0000,By Julia Jacobs,Arts,"Alan Alda, the star of the long-running sitcom, asked the artificial intelligence software to create a script for him and his former co-star Mike Farrell to read.","For the first time in more than 40 years, Alan Alda and Mike Farrell sat down for a table read of a new scene of “M*A*S*H,” stepping into their old roles of Hawkeye Pierce and B.J. Hunnicutt, two bantering doctors in a Korean War mobile surgical unit.",https://www.nytimes.com/2023/03/07/arts/television/mash-chatgpt-alan-alda.html
Lesson Plan: Teaching and Learning in the Era of ChatGPT,2023-01-25T02:49:59+0000,By Katherine Schulten,The Learning Network,"First students learn about and share their thoughts on the issues A.I. chatbots raise for schools. Then, we invite them to help design both ethical guidelines and curriculum projects that use the tool for learning.","Featured Article: “Alarmed by A.I. Chatbots, Universities Start Revamping How They Teach” by Kalley Huang",https://www.nytimes.com/2023/01/24/learning/lesson-plans/lesson-plan-teaching-and-learning-in-the-era-of-chatgpt.html
ChatGPT Made a Guest Appearance at the Marc Jacobs Three-Minute Fashion Show,2023-06-27T14:23:40+0000,By Vanessa Friedman,Style,"So much to think about, so little time.","When did Marc Jacobs, erstwhile downtown darling turned New York fashion éminence grise, become a philosopher of the modern condition?",https://www.nytimes.com/2023/06/27/style/marc-jacobs-show.html
OpenAI Introduces ChatGPT App for the iPhone,2023-05-18T17:07:04+0000,By Cade Metz,Technology,OpenAI is aiming to build on the popularity of its chatbot with a smartphone app that responds to voice prompts.,"Since ChatGPT debuted in November, hundreds of millions of people have experimented with the online chatbot, which can answer questions, write poetry, draft emails and riff on almost any topic from inside a web browser.",https://www.nytimes.com/2023/05/18/technology/openai-chatgpt-iphone.html
How Should I Use A.I. Chatbots Like ChatGPT?,2023-03-30T15:25:14+0000,By Kevin Roose,Technology,Large language models are already good at a wide variety of tasks.,"In today’s newsletter, the fourth in our five-part series, I’m going to try to convince you that large language models are already good at a wide variety of tasks — and they’re getting smarter every day.",https://www.nytimes.com/2023/03/30/technology/ai-chatbot-chatgpt-uses-work-life.html
TikTok’s Spying Scandal and ChatGPT’s Challenge to Google,2023-01-06T10:00:12+0000,"By Kevin Roose, Casey Newton, Davis Land, Paula Szuchman, Alyssa Moxley, Dan Powell, Elisheba Ittoop, Marion Lozano and Rowan Niemisto",Podcasts,TikTok skeptics now have a smoking gun.,"Calls to ban TikTok or force its sell-off from its parent company ByteDance are gaining momentum, especially after reports of ByteDance’s surveillance of several U.S. journalists. And could Microsoft’s investment in OpenAI mark the end of Google’s search monopoly?",https://www.nytimes.com/2023/01/06/podcasts/hard-fork-tiktok-microsoft-chatgpt.html
"Weekly Student News Quiz: Canada, Fortnite, ChatGPT",2023-09-26T12:34:51+0000,Compiled by Katherine Schulten,The Learning Network,Have you been paying attention to the news recently? See how many of these 10 questions you can get right.,Have you been paying attention to the news recently? See how many of these 10 questions you can get right.,https://www.nytimes.com/interactive/2023/09/26/learning/26StudentNewsQuiz.html
OpenAI’s Fund-Raising Talks Could Value Company at $150 Billion,2024-09-11T21:42:15+0000,"By Cade Metz, Mike Isaac, Tripp Mickle and Michael J. de la Merced",Technology,The San Francisco start-up hopes to raise $6.5 billion as part of an aggressive push for more investment.,"OpenAI is in talks to raise about $6.5 billion as part of a deal that would value the company in the vicinity of $150 billion, a nearly $70 billion increase from its valuation nine months ago, according to five people with knowledge of the conversations.",https://www.nytimes.com/2024/09/11/technology/openai-fund-raising-valuation.html
Dr. Chatbot Will See You Now,2024-09-11T16:57:12+0000,By Teddy Rosenbluth,Health,"Americans are already turning to A.I. for health information in large numbers, new research suggests.","Susan Sheridan had heard of ChatGPT but had never used it, so the first question she asked the artificial intelligence chatbot was a bit garbled: “Facial droop, facial pain and dental work.”",https://www.nytimes.com/2024/09/11/health/chatbots-health-diagnosis-treatments.html
Does ChatGPT Mean Robots Are Coming For the Skilled Jobs?,2022-12-06T20:24:15+0000,By Paul Krugman,Opinion,How A.I. will affect the demand for knowledge workers.,Will robots take away our jobs?,https://www.nytimes.com/2022/12/06/opinion/chatgpt-ai-skilled-jobs-automation.html
ChatGPT Is Helping Siri in iOS 18.2. And It’s Actually Useful.,2024-12-11T00:00:00+0000,,,"If you’ve used an iPhone for any amount of time, you may have struggled with its built-in voice assistant, Siri. When Apple introduced Siri in the iPhone 4s, I excitedly tried to use the assistant to dictate and send a text message while crossing a frigid Manhattan park midwinter. But when Siri misunderstood me, I...","If you’ve used an iPhone for any amount of time, you may have struggled with its built-in voice assistant, Siri. When Apple introduced Siri in the iPhone 4s, I excitedly tried to use the assistant to dictate and send a text message while crossing a frigid Manhattan park midwinter. But when Siri misunderstood me, I...",https://www.nytimes.com/wirecutter/reviews/ios-18-2-review-chatgpt-siri/
ChatGPT Is Already Changing How I Do My Job,2023-04-21T09:00:19+0000,By Farhad Manjoo,Opinion,Journalists may have a new semi-reliable source.,"Once you start using ChatGPT you pretty much can’t stop. You begin with trivial, gimmicky prompts: Do this math problem. Tell me some vegetarian recipes with broccoli and peas. What came first, the jock or the jockstrap?",https://www.nytimes.com/2023/04/21/opinion/chatgpt-journalism.html
"Racing to Catch Up With ChatGPT, Google Plans Release of Its Own Chatbot",2023-02-06T20:08:22+0000,By Cade Metz and Nico Grant,Technology,"The internet giant said it would begin testing its new chatbot, Bard, with a small, private group before releasing it to the public in the coming weeks.","Google said on Monday that it would soon release an experimental chatbot called Bard as it races to respond to ChatGPT, which has wowed millions of people since it was unveiled at the end of November.",https://www.nytimes.com/2023/02/06/technology/google-bard-ai-chatbot.html
Help! My Boss Won’t Stop Using ChatGPT,2023-07-14T09:00:06+0000,"By Kevin Roose, Casey Newton, Davis Land, Rachel Cohn, Jen Poyant, Alyssa Moxley, Dan Powell, Marion Lozano and Rowan Niemisto",Podcasts,Kevin and Casey answer your questions.,"This week, we answer more of your questions, like: What is ChatGPT’s carbon footprint? Why are engineers so sure artificial intelligence will keep getting better? And, why are there so many venture capital bros?",https://www.nytimes.com/2023/07/14/podcasts/hard-fork-mailbag.html
Are You Using ChatGPT at Work? We Want to Hear About It.,2023-12-13T10:03:39+0000,By Emma Goldberg,Business Day,"Just over a year since ChatGPT’s release, we’re exploring how workers have begun using A.I. chatbots in their jobs.","As soon as ChatGPT and other artificial intelligence chatbots became widely available, workers began exploring how they could use the tools for their jobs — and how it might affect their jobs in the long term. Now the world has had just over a year to experiment.",https://www.nytimes.com/2023/12/13/business/are-you-using-chatgpt-at-work-we-want-to-hear-about-it.html
One Year In and ChatGPT Already Has Us Doing Its Bidding,2023-12-19T10:01:52+0000,By Vauhini Vara,Opinion,"For me, the journey began when I asked ChatGPT who I was.","One of the first things I asked ChatGPT about, early this year, was myself: “What can you tell me about the writer Vauhini Vara?” It told me I’m a journalist (true, though I’m also a fiction writer), that I was born in California (false) and that I’d won a Gerald Loeb Award and a National Magazine Award (false, false).",https://www.nytimes.com/2023/12/19/opinion/artificial-intelligence-chatgpt.html
What to Know About ChatGPT’s New Code Interpreter Feature,2023-07-11T15:52:25+0000,By Yiwen Lu,Technology,"Graphs, maps and data analyses? Now ChatGPT can do even more.","ChatGPT, the artificial-intelligence-powered chatbot made by OpenAI, has wowed the world in recent months with the text it can generate. Now the chatbot is delighting users anew by creating charts and maps and turning images into videos.",https://www.nytimes.com/2023/07/11/technology/what-to-know-chatgpt-code-interpreter.html
I Finally Figured Out Who ChatGPT Reminds Me Of,2024-01-07T14:00:29+0000,By Elizabeth Spiers,Opinion,Generative A.I. is often described as being in its infancy. The truth is a little more of a handful.,"As the mother of an 8-year-old, and as someone who’s spent the past year experimenting with generative A.I., I’ve thought a lot about the connection between interacting with one and with the other. I’m not alone in this. A paper published in August in the journal Nature Human Behaviour explained how, during its early stages, an artificial intelligence model will try lots of things randomly, narrowing its focus and getting more conservative in its choices as it gets more sophisticated. Kind of like what a child does. “A.I. programs do best if they start out like weird kids,” writes Alison Gopnik, a developmental psychologist.",https://www.nytimes.com/2024/01/07/opinion/chatgpt-generative-ai.html
Can I Use ChatGPT for the Tedious Parts of My Job?,2023-07-07T18:43:25+0000,By Kwame Anthony Appiah,Magazine,The magazine’s Ethicist columnist on using artificial intelligence to assist with mundane tasks at work.,"I’m a writer and a college professor at a small college, and I recently became chair of the English department. I usually love to write, but when it comes to administrative documents, I struggle — and this new role asks for a lot of them.",https://www.nytimes.com/2023/07/07/magazine/artificial-intelligence-workplace-ethics.html
Microsoft Bets Big on the Creator of ChatGPT in Race to Dominate A.I.,2023-01-12T23:16:03+0000,By Cade Metz and Karen Weise,Technology,"As a new chatbot wows the world with its conversational talents, a resurgent tech giant is poised to reap the benefits while doubling down on a relationship with the start-up OpenAI.","When a chatbot called ChatGPT hit the internet late last year, executives at a number of Silicon Valley companies worried they were suddenly dealing with new artificial intelligence technology that could disrupt their businesses.",https://www.nytimes.com/2023/01/12/technology/microsoft-openai-chatgpt.html
"Is A.I. Poisoning Itself?, Billionaire Cage Fight and Cooking With ChatGPT",2023-06-30T09:00:34+0000,"By Kevin Roose, Casey Newton, Davis Land, Rachel Cohn, Jen Poyant, Alyssa Moxley, Dan Powell, Elisheba Ittoop, Marion Lozano, Sophia Lanman and Rowan Niemisto",Podcasts,The missing ingredient in A.I. content might soon be human-generated content.,"Whether it’s on TikTok or Twitter, A.I.-generated content is already flooding the web. So, what happens when the technology — prone to confidently making things up — starts ingesting itself?",https://www.nytimes.com/2023/06/30/podcasts/hard-fork-ai-poison.html
"A Trip to TikTok, ChatGPT’s Origin Story and Kevin Systrom’s Comeback",2023-02-03T10:00:10+0000,"By Kevin Roose, Casey Newton, Davis Land, Paula Szuchman, Alyssa Moxley, Dan Powell, Elisheba Ittoop, Marion Lozano, Sophia Lanman and Rowan Niemisto",Podcasts,"Casey becomes a content moderator, Kevin breaks some news on OpenAI and Instagram’s co-founder reveals his new project.","TikTok is opening up a “Transparency and Accountability Center” to try to win over skeptics. Is the company’s strategy working? Then, the origin story of OpenAI’s ChatGPT and how the company kicked off an A.I. arms race.",https://www.nytimes.com/2023/02/03/podcasts/hard-fork-tiktok-openai-artifact.html
How Strangers Got My Email Address From ChatGPT’s Model,2023-12-22T21:07:44+0000,By Jeremy White,Technology,Researchers at Indiana University used ChatGPT’s model to extract contact information for more than 30 New York Times employees.,Researchers at Indiana University used ChatGPT’s model to extract contact information for more than 30 New York Times employees.,https://www.nytimes.com/interactive/2023/12/22/technology/openai-chatgpt-privacy-exploit.html
Quiz: How Should I Use A.I. Chatbots Like ChatGPT?,2023-03-30T15:02:06+0000,By The New York Times,Technology,"You read <a href=""https://www.nytimes.com/2023/03/30/technology/ai-chatbot-chatgpt-uses-work-life.html"">Part 4 of our weeklong series on artificial intelligence.</a> Now test your knowledge.","You read <a href=""https://www.nytimes.com/2023/03/30/technology/ai-chatbot-chatgpt-uses-work-life.html"">Part 4 of our weeklong series on artificial intelligence.</a> Now test your knowledge.",https://www.nytimes.com/interactive/2023/03/30/technology/quiz-ai-chatbot-chatgpt-uses.html
Can ChatGPT Plan Your Vacation? Here’s What to Know About A.I. and Travel.,2023-03-16T09:00:12+0000,By Julie Weed,Travel,"Powerful new artificial-intelligence software is already shaking up the travel industry, but it has a long way to go until it can plan a seamless trip. For now.","One day soon, in the artificial-intelligence-powered future, a vacation might start by telling your smartphone something like this: “I want to take a four-day trip to Los Angeles in June, whenever airfares and hotel rates are best, using loyalty rewards points. I want to hit a history museum and an amusement park — and then I’d like 7 p.m. dinner reservations near the hotel at a restaurant with vegan options and a great wine list.” And your phone spits out the perfect itinerary.",https://www.nytimes.com/2023/03/16/travel/chatgpt-artificial-intelligence-travel-vacation.html
"Google C.E.O. Sundar Pichai on Bard, A.I. ‘Whiplash’ and Competing With ChatGPT",2023-03-31T09:00:12+0000,"By Kevin Roose, Casey Newton, Davis Land, Rachel Cohn, Jen Poyant, Alyssa Moxley, Dan Powell, Marion Lozano and Rowan Niemisto",Podcasts,“Am I concerned? Yes. Am I optimistic and excited about all the potential of this technology? Incredibly.”,"For years, Google was seen as one of the most cutting-edge developers of A.I. But, with OpenAI’s release of ChatGPT, and other chatbots beating Google to market, is that distinction still the case? Google’s chief executive is in an unenviable position: Scramble to catch up or, in the face of potentially harmful technology, move slowly.",https://www.nytimes.com/2023/03/31/podcasts/hard-fork-sundar.html
All Seal Needs Is Love,2023-04-17T09:00:19+0000,By Jeremy Gordon,Arts,"Embarking on a tour celebrating his music career’s 30th anniversary, the singer and songwriter explained how tennis, Joni Mitchell and ChatGPT have inspired him.","The singer and songwriter Seal is one of modern music’s most ardent believers in the power of love, but that doesn’t mean you should look to him for romantic advice. “You’re headed for disaster if you ask me,” he joked, before immediately providing what sounded like a practical perspective on how to make a relationship work. “I’ve found that it’s most productive when both parties see themselves, and then there’s this third entity which is like a plant. That plant needs water every day, and you love that plant because you — both as an entity, and as individuals — are all that it has.”",https://www.nytimes.com/2023/04/17/arts/music/seal-30-anniversary-tour.html
Should Students Let ChatGPT Help Them Write Their College Essays?,2023-09-27T20:39:50+0000,By Katherine Schulten,The Learning Network,"If so, how? Tell us what you are thinking, and what practical and ethical questions these new A.I. tools raise for you.",Teachers: We also have a lesson plan that accompanies this Student Opinion forum.,https://www.nytimes.com/2023/09/27/learning/should-students-let-chatgpt-help-them-write-their-college-essays.html
Kara Walker: A Fortuneteller in the Land of ChatGPT,2024-09-26T09:01:40+0000,By Karen Rosenberg,Arts,The artist’s dystopian installation at SFMOMA shows her evolution as a public artist. In her carnival sideshow she casts a wary eye on tech’s future.,"In artworks exploring unequal power dynamics across a wide swath of history, Kara Walker has long called attention to the most inhuman tendencies of people. Now, in a new installation in the country’s tech capital, she is highlighting the superhuman capabilities of A.I. as only she can.",https://www.nytimes.com/2024/09/26/arts/design/kara-walker-sfmoma-art-review-fortuna.html
Are You Using ChatGPT in Your School or University? We Want to Hear About It.,2023-08-18T20:26:37+0000,By Natasha Singer,New York,We’re asking educators and students how they are using new A.I. chatbots for teaching and coursework.,New chatbots powered by artificial intelligence upended public schools and universities across the United States last winter. Some colleges and districts raced to block student access to the A.I. tools over fears they could enable widespread cheating. ,https://www.nytimes.com/2023/08/18/nyregion/are-you-using-chatgpt-in-your-school-or-university-we-want-to-hear-about-it.html
"ChatGPT Can Now Generate Images, Too",2023-09-20T17:09:26+0000,By Cade Metz and Tiffany Hsu,Technology,OpenAI released a new version of its DALL-E image generator to a small group of testers and incorporated the technology into its popular ChatGPT chatbot.,ChatGPT can now generate images — and they are shockingly detailed.,https://www.nytimes.com/2023/09/20/technology/chatgpt-dalle3-images-openai.html
How to Use ChatGPT and Still Be a Good Person,2022-12-21T10:00:20+0000,By Brian X. Chen,Technology,"It’s a turning point for artificial intelligence, and we need to take advantage of these tools without causing harm to ourselves or others.",The past few weeks have felt like a honeymoon phase for our relationship with tools powered by artificial intelligence.,https://www.nytimes.com/2022/12/21/technology/personaltech/how-to-use-chatgpt-ethically.html
